sequence_id,species,chain_type,isotype,v_gene,d_gene,j_gene,framework1_aa,cdr1_aa,framework2_aa,cdr2_aa,framework3_aa,cdr3_aa,framework4_aa,source_sample,notes
ABR0001,canine,kappa,,IGKV2-8,,IGKJ4,CDVENWCTHCDQQDIDVQCWEIWC,WWPCICVF,LQFVEWLVGEWWHNEV,DWCYHSVQ,MRWRNLIGIDWLTSMRLYDETQGMFSQCDV,WMMNYSWRDD,KSDCLWRLPNAR,lymph_node,antigen-exposed
ABR0002,canine,lambda,,IGLV2-11,,IGLJ2,HLFIPPSDGRPVKFQVKQNPIFDG,FIIASWGK,LAFQVNYWMFTYCRVP,PPPESPCH,DHRGEMYCEAWFVENYADHYPFKNYNSEES,RSSLDFEMKS,GTAHTNFVATLD,lymph_node,high-confidence annotation
ABR0003,feline,heavy,IgG,IGHV3-7,IGHD5,IGHJ6,IYHIPIHTSNAAKSKHYNRNNDIE,ISHMHSYY,ASNDEPHSGQMDPRPD,GGFAFWRF,YYSNFVVFAAETFQHHAKHLTIWMKVQFCN,RWTQTFVFTTARGY,AFGFSYEVCMTT,bone_marrow,naive repertoire
ABR0004,canine,lambda,,IGLV1-5,,IGLJ2,KCETRVADRMYTYTHKRTVSTITK,VHRFQEPR,MDIQDHLEFNFKFRIE,PSGIGQTP,MQHNMDNAMVRRAPMTYLTDEIEDKKCGKF,QKPFVTWSMD,KCGQDKADKDYI,PBMC,high-confidence annotation
ABR0005,feline,heavy,IgG,IGHV2-5,,IGHJ4,YFCTIEGKCGHLLTHLRTGKNAKC,AATVHTSI,REQSVPTLHIMHFPNC,FADKQGCD,PTLYILCRGGKRAKNMVMICLHNGAMPDSK,THITADKDFPWCPA,LLIDWTFYPMSF,lymph_node,antigen-exposed
ABR0006,equine,heavy,IgA,IGHV3-7,,IGHJ6,TFTTWAWIDACFNEPRVCAVISKA,RDTVDTDS,KDKIHIRSPDSLCYHD,YFMKLYWF,ASCSKEHSLTLRRREVHLDSALRDTRKPHH,DWDFTKNFYTKENI,SSPAGASRPLFQ,lymph_node,pilot dataset
ABR0007,canine,kappa,,IGKV2-8,,IGKJ1,MMPEHALKNDPPWDNQKCKECLFI,KQTMHNQA,PVVHDCQRYFLSCVFG,SQMLLKKP,ILSVPEGGDHTSVIRMRQFVHIDGMVDMIN,KWHAQPQTHP,KMCSKWNFTTHD,lymph_node,antigen-exposed
ABR0008,feline,kappa,,IGKV4-2,,IGKJ2,QLAFCQSWSADPTRRIEIFFTERD,VCAFIWCL,FKTQEEDLTWHPKIYA,AVLRKMIS,TIVIAQLCAHSQDKIQNISCMQNPHALTDH,SHLHIRIKLE,YSYGISQCYFPC,spleen,naive repertoire
ABR0009,canine,lambda,,IGLV2-11,,IGLJ2,CGPRMEDGMHGTRCLPNMRGEADK,DNQEVHPN,LQDCSHNVRHMNSAQI,PCPCRDCK,HDYMNKMYCKMKLAYDAIESRPKQSFSGAL,FYIMMRNYDT,HPGIQDCSVVMG,bone_marrow,naive repertoire
ABR0010,feline,heavy,IgA,IGHV1-1,IGHD3,IGHJ2,QSRGIFQRYIVELLKWKNKKHRIG,IIFLWHMD,PKITTIERCEASIRNC,LIECHYWH,DNTGRYKAEYYNHCNMFCHKCYHAMQNGYL,DHCSVSDQEPVFVD,GPKQLLQCLWNQ,bone_marrow,naive repertoire
ABR0011,equine,kappa,,IGKV1-3,,IGKJ2,PHAQGQEDPWNRGFACVFPDWYNT,GFNLGTGD,EPSHLFCSMCYPDYGI,YPYHSGWH,CPTGPNEFIHCVCMEPYRVLQLWIQPNRTR,GAAYSRIRYR,GSPEDFNQNDRT,PBMC,naive repertoire
ABR0012,canine,lambda,,IGLV1-5,,IGLJ5,MTDCTPFADYEHFSLGIDNYKGMY,KRFKTSHW,KYTIMNCHGPGKMPGK,ETCNRVTW,EKVPNKPNWFNMDRIGYCLTKLWMACIFLY,QQTNCFSIYC,ACAWNLETNVIQ,lymph_node,antigen-exposed
ABR0013,feline,heavy,IgA,IGHV2-5,IGHD3,IGHJ2,AIFREDFKPKACVNYWRYTSIGAC,CVAPGIGC,EAYVHFQHTYTQYGTL,DLCSVAPQ,RDRGIEKICEMKCKVQTKLHDTAGKIHGMH,PMYIPVSSTAAQIW,LHPYWDWGFCAE,PBMC,antigen-exposed
ABR0014,canine,kappa,,IGKV4-2,,IGKJ1,ACFCDCDWNHVDPEIHHECCDLSE,FEHLMMQK,ANKLCNMYTSLYAQAQ,TENSCVWH,DWLGQATHLCANSESGSWNTKWGLHISGED,SVEMNEPPDQ,ANHLKQVTGPIR,spleen,naive repertoire
ABR0015,equine,kappa,,IGKV2-8,,IGKJ4,FRVMGRRKWIFMRITHKLYFFIMY,TNGIMHKE,GEHPFFLLQKHEEKHP,RCAPQITL,RAFKYPAIQWWQIWIGERQMKEQIPGKQSR,AYQTGMAPSE,CKVHGHTNEWRV,spleen,pilot dataset
ABR0016,canine,lambda,,IGLV3-4,,IGLJ3,TMQRHGPTEYNCKKPPCADQQNWK,EILPTIPR,HGFDHSVIFNQRLVFS,NIKPKQGS,AKNILMSSQYDNFLPCDWMFTNWAAHDLKY,EWFIGRNFHP,VGYYDVLHSHTD,bone_marrow,naive repertoire
ABR0017,canine,lambda,,IGLV2-11,,IGLJ3,IFSSVCSRFSISGVYAGMRWSLRN,QQDGNAAY,CMETSSFCHQFMENMS,TVHLQMQK,VCLLNSPMTKTNHSEMHMLFWDCPVPVWCP,LEACHSYCTV,YPYFYDHCRGEG,PBMC,pilot dataset
ABR0018,equine,heavy,IgG,IGHV2-5,IGHD3,IGHJ4,VKLGQCMAQWWCSWTCEQWPRDAP,YWFSQVED,SHFAQAAEDHEFSAKW,IRGCNFDL,VSRKCCACAYDPLLYGSYCMNWRSGFENGQ,SPRKWMLKCYYMYA,FYLWQIPPPYIR,lymph_node,naive repertoire
ABR0019,feline,kappa,,IGKV2-8,,IGKJ2,GWCLFWFKVSNVDVVSPHILYCPR,HKWAPRVD,VNDIPWTKTMSTWHHH,HDGLNWWN,PTFICSNENRDFMYANKTYAECHWSWWHKK,QERWYFKCMH,GPDACCVNRSDY,bone_marrow,naive repertoire
ABR0020,canine,lambda,,IGLV2-11,,IGLJ3,WIDTPGRGNIIGCKNCVACKTSCE,FMAHLWWR,ESMNKPENSPGRIFAR,HCGIDYNF,REPADRMMISENFMICGRVFRFKQQIFAKW,LMGKSEMRSE,FTCHVSLEKHNQ,lymph_node,antigen-exposed
ABR0021,canine,heavy,IgM,IGHV2-5,,IGHJ2,CLFARTMTFRATLGNQCQHKWGFG,TIGHYDDY,SKGHFYHWLHADTQCT,NMLSDAQS,FKIGWNCGNWYANTRTDENIMPWCLESRTA,TVFAIDIYGGELKV,AAEHKAYWRTIR,PBMC,high-confidence annotation
ABR0022,equine,heavy,IgG,IGHV1-1,IGHD5,IGHJ2,RSWTKEEEPFVWIIFWRPGAPQYY,TCPCNMPI,MQWMPVCMTFNIQANE,TGDMQHTA,IFQPRCCCYKYKVCYEKETAQICLELNGEC,YTKDRWVFRETFLQ,WLKIDVLRYWIP,spleen,high-confidence annotation
ABR0023,equine,kappa,,IGKV2-8,,IGKJ4,SSLAIMIHTVPWPANGIMVMSKLH,LCAGVDYN,RCTPRNETIFQMNFHY,YKTESKFQ,EAQVWESPWFQKYYEPRRLNLNPTVYPMAS,PRLGVLFQWP,WIDMMYIMHQAA,PBMC,high-confidence annotation
ABR0024,feline,lambda,,IGLV2-11,,IGLJ5,LVYQTTQPRNCYNRADTIEQNTPV,WFHQSPRY,WMTDGNMNDLTGELMT,QGTLTHTH,QGCWYENWCQAALVALPEWAAHGSVWKVTF,WHQYEFGTTE,AEDGTSRYQCAW,lymph_node,antigen-exposed
ABR0025,canine,lambda,,IGLV2-11,,IGLJ3,GCKEWDNHRYPACIPWCRCYIIIC,GWGMARLQ,YKSDIPWIQLPSAIDG,GNPGALPV,NEMVPMPDEQNVIPHRLNIQCKAMFIFDHK,VFVRRIGNNH,PPWHLSTHIRFK,bone_marrow,high-confidence annotation
ABR0026,canine,lambda,,IGLV2-11,,IGLJ5,THFETDVKPAWFLAPDGIMHEDVN,TLHDLDIL,FPLNPRFKGANNQARI,PNEGLEKY,ICPCYGQHLFPCVLGWIWSTKQWNAELCWY,CIECMHNDQP,YIKTDNQRMTRT,PBMC,antigen-exposed
ABR0027,equine,kappa,,IGKV4-2,,IGKJ1,SHCVKGVGIVKICGNNQDHLFFSS,IIATRFNL,FFWWIMEVQGFYRPHE,LANSHCCK,LHELREGMRRWNLGVDCARSDMWKESQSHV,MANDLYKIDF,AAPFLNGTGELY,lymph_node,pilot dataset
ABR0028,equine,heavy,IgM,IGHV2-5,IGHD3,IGHJ4,FVNKICCEWPCHSQSGLYWDFIGF,RPDCRSHH,NACYTQFLDCTQMDRA,GGPLARWN,WHSDVMTRQVFPYYDCMYLWWQNSFLMTAH,IRDFWNVWQNTIWR,PKEIGHVEIKEH,lymph_node,pilot dataset
ABR0029,equine,heavy,IgM,IGHV1-1,IGHD1,IGHJ6,TWWDQDRFTVTETERPVGHWSDFN,YCPICNCA,YHRLEFQDYHWENGNM,AKEINTTN,SCYNENVMYECIKNHRAWREASEDKGFVLP,FWKVKRAAMFSTSC,CDGYYPSGRPIY,PBMC,high-confidence annotation
ABR0030,equine,kappa,,IGKV1-3,,IGKJ2,FWYCHGNRMWRPNMAMWSMIAIRY,CFFKPKDT,KNWWTWFCVEHQWENL,IFDLMNTI,NVPMCMMSTNIINFFHARPRPWLGWDFLLK,WVMDHWDWGL,WNRNQDSMGKKV,PBMC,antigen-exposed
